manufacturer,product_name,storage_type,capacity_gb,form_factor,interface,nvme
ADATA,"ADATA ED600 2.5"" External SSD/HDD Enclosure",SSD/HDD,,"2.5""",,False
ADATA,ADATA Elite SE880 1 TB External SSD,SSD,1000,"2.5""",USB 3.2 Gen 2,False
ADATA,ADATA Elite SE880 2 TB External SSD,SSD,2000,,,False
ADATA,ADATA Elite SE880 500 GB External SSD,SSD,500,,,False
ADATA,ADATA HD650 1 TB External Hard Drive,HDD,1000,,,False
ADATA,ADATA HD650 2 TB External Hard Drive,HDD,2000,"2.5""",USB 3.0,False
ADATA,"ADATA HD650 2 TB 2.5"" External Hard Drive",HDD,2000,"2.5""",SATA 6.0 Gb/s,False
ADATA,ADATA HD650 4 TB External Hard Drive,HDD,4000,,,False
ADATA,ADATA HD680 2 TB External Hard Drive,HDD,2000,"3.5""",SATA 6.0 Gb/s,False
ADATA,ADATA HD710 Pro 1 TB External Hard Drive,HDD,1000,"2.5""",USB 3.0,False
ADATA,ADATA HD710 Pro 2 TB External Hard Drive,HDD,2000,,,False
ADATA,ADATA Legend 710 256 GB M.2-2280 PCIe 3.0 X4 NVME Solid State Drive,SSD,256,M.2-2280,PCIe 3.0 x4,True
ADATA,ADATA Legend 710 2 TB M.2-2280 PCIe 3.0 X4 NVME Solid State Drive,SSD,2000,M.2-2280,PCIe 3.0 x4,True
ADATA,ADATA Legend 710 512 GB M.2-2280 PCIe 3.0 X4 NVME Solid State Drive,SSD,512,M.2-2280,PCIe 3.0 x4,True
ADATA,ADATA Legend 860 1 TB M.2-2280 PCIe 4.0 X4 NVME Solid State Drive,SSD,1000,M.2-2280,PCIe 4.0 x4,True
ADATA,ADATA LEGEND 860 2 TB M.2-2280 PCIe 4.0 X4 NVME Solid State Drive,SSD,2000,M.2-2280,PCIe 4.0 x4,True
ADATA,ADATA Legend 860 500 GB M.2-2280 PCIe 4.0 X4 NVME Solid State Drive,SSD,500,M.2-2280,PCIe 4.0 x4,True
ADATA,ADATA Legend 860 2 TB M.2-2280 PCIe 4.0 X4 NVME Solid State Drive,SSD,2000,M.2-2280,PCIe 4.0 x4,True
ADATA,ADATA Legend 970 1 TB M.2-2280 PCIe 5.0 X4 NVME Solid State Drive,SSD,1000,M.2-2280,PCIe 5.0 x4,True
ADATA,ADATA Legend 970 2 TB M.2-2280 PCIe 5.0 X4 NVME Solid State Drive,SSD,2000,M.2-2280,PCIe 5.0 x4,True
ADATA,ADATA Legend 970 4 TB M.2-2280 PCIe 5.0 X4 NVME Solid State Drive,SSD,4000,M.2-2280,PCIe 5.0 x4,True
ADATA,"ADATA SU650 1 TB 2.5"" SATA III Solid State Drive",SSD,1000,"2.5""",SATA 6.0 Gb/s,False
ADATA,"ADATA SU650 256 GB 2.5"" SATA III Solid State Drive",SSD,256,"2.5""",SATA 6.0 Gb/s,False
ADATA,"ADATA SU650 512 GB 2.5"" SATA III Solid State Drive",SSD,512,"2.5""",SATA 6.0 Gb/s,False
ASUS,ASUS ROG STRIX Arion M.2 NVMe SSD External Enclosure,SSD,,M.2-2280,USB 3.2 Gen 2 Type-C,True
ASUS,"ASUS TUF Gaming A2 Portable SSD Enclosure, Dual M.2 NVMe PCIe and SATA",SSD,,,USB-C 3.2 Gen 2×2,True
Acer,Acer Predator GM7 2 TB M.2-2280 PCIe 4.0 X4 NVME Solid State Drive,SSD,2000,M.2-2280,PCIe 4.0 x4,True
ADATA,ADATA HD330 1 TB External Hard Drive,HDD,1000,"2.5""",USB 3.1,False
ADATA,ADATA HD710M Pro 1 TB External Hard Drive,HDD,1000,"2.5""",USB 3.0,False
ADATA,"ADATA HV320 2 TB 2.5"" 5400 RPM External Hard Drive",HDD,2000,"2.5""",USB 3.1,False
ADATA,"ADATA Ultimate SU650 1 TB 2.5"" SATA Solid State Drive",SSD,1000,"2.5""",SATA 6.0 Gb/s,False
ADATA,"ADATA Ultimate SU650 256 GB 2.5"" SATA Solid State Drive",SSD,256,"2.5""",SATA 6.0 Gb/s,False
ADATA,"ADATA Ultimate SU650 256 GB 2.5"" SATA SSD",SSD,256,"2.5""",SATA 6.0 Gb/s,False
ADATA,"ADATA Ultimate SU650 2 TB 2.5"" SATA SSD",SSD,2000,"2.5""",SATA 6.0 Gb/s,False
ADATA,"ADATA Ultimate SU650 512 GB 2.5"" SATA Solid State Drive",SSD,512,"2.5""",SATA 6.0 Gb/s,False
Amaze,"Amaze A210C Pro Ultra 2.5"" SATA 6.0 Gb/s Solid State Drive",SSD,,"2.5""",SATA 6.0 Gb/s,False
Amaze,"Amaze A210C Ultra 2.5"" SATA 6.0 Gb/s Solid State Drive",SSD,,"2.5""",SATA 6.0 Gb/s,False
Amaze,"Amaze A210m Ultra 2.5"" SATA 6.0 Gb/s Solid State Drive",SSD,,"2.5""",SATA 6.0 Gb/s,False
Amaze,Amaze A220 M.2 NVME SSD Enclosure,SSD,,M.2-2280,PCIe 3.0 x4,True
Amaze,Amaze A222 M.2 NVMe SSD Enclosure,SSD,,M.2-2280,PCIe 3.0 x4,True
Amaze,Amaze A225 M.2 NVME Solid State Drive,SSD,,M.2-2280,PCIe 3.0 x4,True
Amaze,Amaze A227 M.2 NVME SSD Enclosure,SSD,,M.2-2280,Thunderbolt 4,True
ASUS,ASUS Cobble M.2 SSD Enclosure,SSD,,M.2-2280,PCIe 3.0 x4,True
Lexar,Lexar EQ790 1 TB M.2-2280 PCIe 4.0 X4 NVME Solid State Drive,SSD,1000,M.2-2280,PCIe 4.0 x4,True
Lexar,Lexar NM610 Pro 1 TB M.2-2280 PCIe 3.0 X4 NVME Solid State Drive,SSD,1000,M.2-2280,PCIe 3.0 x4,True
Lexar,"Lexar NQ100 2 TB 2.5"" SATA 6.0 Gb/s Solid State Drive",SSD,2000,"2.5""",SATA 6.0 Gb/s,False
Lexar,"Lexar NS100 1 TB 2.5"" SATA III Solid State Drive",SSD,1000,"2.5""",SATA 6.0 Gb/s,False
XPG,XPG GAMMIX S70 BLADE 512 GB M.2-2280 PCIe 4.0 X4 NVME Solid State Drive,SSD,512,M.2-2280,PCIe 4.0 x4,True
XPG,XPG Gammix S70 Blade 1 TB M.2-2280 PCIe 4.0 X4 NVME Solid State Drive,SSD,1000,M.2-2280,PCIe 4.0 x4,True
EASE,EASE EBD5U3C External Blu-ray Drive USB Type-C,,,,,False
EASE,EASE EM256M2 256 GB M.2-2280 PCIe NVME Solid State Drive,SSD,256,M.2-2280,PCIe 3.0 x4,True
EASE,EASE EOD5I SATA Internal Optical Drive,HDD,,"5.25""",SATA,False
Ease,Ease EOD5U3C External DVD Writer,HDD,0,External,USB 3.0,False
HikSemi,HikSemi Future 1 TB M.2-2280 PCIe 4.0 X4 NVME Solid State Drive,SSD,1000,M.2-2280,PCIe 4.0 x4,True
HikSemi,HikSemi Future 4 TB M.2-2280 PCIe 4.0 X4 NVME Solid State Drive,SSD,4000,M.2-2280,PCIe 4.0 x4,True
HikSemi,HikSemi Future 512 GB M.2-2280 PCIe 4.0 X4 NVME Solid State Drive,SSD,512,M.2-2280,PCIe 4.0 x4,True
HikSemi,HikSemi WAVE 512 GB M.2-2280 PCIe 3.0 X4 NVME Solid State Drive,SSD,512,M.2-2280,PCIe 3.0 x4,True
HikSemi,HikSemi Wave 256 GB M.2-2280 PCIe 3.0 X4 NVME Solid State Drive,SSD,256,M.2-2280,PCIe 3.0 x4,True
HikSemi,HikSemi Wave Pro 1 TB M.2-2280 PCIe 3.0 X4 NVME Solid State Drive,SSD,1000,M.2-2280,PCIe 3.0 x4,True
HikSemi,"HikSemi Wave 128 GB 2.5"" SATA Solid State Drive",SSD,128,"2.5""",SATA 6.0 Gb/s,False
HikSemi,"HikSemi Wave 256 GB 2.5"" SATA Solid State Drive",SSD,256,"2.5""",SATA 6.0 Gb/s,False
Hiksemi,Hiksemi FUTURE 1 TB M.2-2280 PCIe 4.0 X4 NVME Solid State Drive,SSD,1000,M.2-2280,PCIe 4.0 x4,True
Hiksemi,Hiksemi FUTURE 512 GB M.2-2280 PCIe 4.0 X4 NVME Solid State Drive,SSD,512,M.2-2280,PCIe 4.0 x4,True
Hiksemi,Hiksemi WAVE(P) Consumer 1 TB M.2-2280 PCIe 3.0 X4 NVME Solid State Drive,SSD,1000,M.2-2280,PCIe 3.0 x4,True
Hiksemi,Hiksemi WAVE(P) 256 GB M.2-2280 PCIe 3.0 X4 NVME Solid State Drive,SSD,256,M.2-2280,PCIe 3.0 x4,True
Hiksemi,Hiksemi WAVE(P) Consumer 512 GB M.2-2280 PCIe 3.0 X4 NVME Solid State Drive,SSD,512,M.2-2280,PCIe 3.0 x4,True
Hiksemi,"Hiksemi WAVE 128 GB 2.5"" SATA 6.0 Gb/s Solid State Drive",SSD,128,"2.5""",SATA 6.0 Gb/s,False
Hiksemi,"Hiksemi WAVE(S) Consumer 1 TB 2.5"" SATA 6.0 Gb/s Solid State Drive",SSD,1000,"2.5""",SATA 6.0 Gb/s,False
Hiksemi,"Hiksemi WAVE 256 GB 2.5"" SATA 6.0 Gb/s Solid State Drive",SSD,256,"2.5""",SATA 6.0 Gb/s,False
Hiksemi,"Hiksemi WAVE(S) Consumer 512 GB 2.5"" SATA 6.0 Gb/s Solid State Drive",SSD,512,"2.5""",SATA 6.0 Gb/s,False
KingSpec,"KingSpec P3 128 GB 2.5"" SATA Solid State Drive",SSD,128,"2.5""",SATA 6.0 Gb/s,False
Kingston,Kingston Fury Renegade 2 TB M.2-2280 PCIe 4.0 X4 NVME Solid State Drive,SSD,2000,M.2-2280,PCIe 4.0 x4,True
Kingston,Kingston NV3 1 TB M.2-2280 PCIe 4.0 X4 NVME Solid State Drive,SSD,1000,M.2-2280,PCIe 4.0 x4,True
Kingston,Kingston NV3 2 TB M.2-2280 PCIe 4.0 X4 NVME Solid State Drive,SSD,2000,M.2-2280,PCIe 4.0 x4,True
Kingston,Kingston NV3 4 TB M.2-2280 PCIe 4.0 X4 NVME Solid State Drive,SSD,4000,M.2-2280,PCIe 4.0 x4,True
Kingston,Kingston NV3 500 GB M.2-2280 PCIe 4.0 X4 NVME Solid State Drive,SSD,500,M.2-2280,PCIe 4.0 x4,True
Kingston,Kingston XS1000 1 TB External SSD,SSD,1000,,USB 3.2 Gen 2,False
Kingston,Kingston XS2000 500 GB External SSD,SSD,500,,,False
Lexar,Lexar SL300 1 TB External SSD,SSD,1000,,USB 3.2 Gen 2,False
Lexar,Lexar NM610 Pro 500 GB M.2-2280 PCIe 3.0 X4 NVME Solid State Drive,SSD,500,M.2-2280,PCIe 3.0 x4,True
Lexar,Lexar NM610 PRO 500 GB M.2-2280 PCIe 3.0 X4 NVME Solid State Drive,SSD,500,M.2-2280,PCIe 3.0 x4,True
Lexar,Lexar NM620 256 GB M.2-2280 PCIe 3.0 X4 NVME Solid State Drive,SSD,256,M.2-2280,PCIe 3.0 x4,True
Lexar,Lexar NM620 1 TB M.2-2280 PCIe 3.0 X4 NVME Solid State Drive,SSD,1000,M.2-2280,PCIe 3.0 x4,True
Lexar,Lexar NM790 1 TB M.2-2280 PCIe 4.0 X4 NVME Solid State Drive,SSD,1000,M.2-2280,PCIe 4.0 x4,True
Lexar,Lexar NM790 4 TB M.2-2280 PCIe 4.0 X4 NVME Solid State Drive,SSD,4000,M.2-2280,PCIe 4.0 x4,True
Lexar,"Lexar NQ100 1 TB 2.5"" SATA Solid State Drive",SSD,1000,"2.5""",SATA 6.0 Gb/s,False
Lexar,"Lexar NQ100 1 TB 2.5"" SATA III Solid State Drive",SSD,1000,"2.5""",SATA 6.0 Gb/s,False
Lexar,"Lexar NQ100 240 GB 2.5"" SATA III Solid State Drive",SSD,240,"2.5""",SATA 6.0 Gb/s,False
Lexar,"Lexar NQ100 256 GB 2.5"" SATA Solid State Drive",SSD,256,"2.5""",SATA 6.0 Gb/s,False
Lexar,"Lexar NQ100 2 TB 2.5"" SATA Solid State Drive",SSD,2000,"2.5""",SATA 6.0 Gb/s,False
Lexar,"Lexar NQ100 512 GB 2.5"" SATA Solid State Drive",SSD,512,"2.5""",SATA 6.0 Gb/s,False
Lexar,Lexar NQ780 1 TB M.2-2280 PCIe 4.0 X4 NVME Solid State Drive,SSD,1000,M.2-2280,PCIe 4.0 x4,True
Lexar,Lexar NQ790 2 TB M.2-2280 PCIe 4.0 X4 NVME Solid State Drive,SSD,2000,M.2-2280,PCIe 4.0 x4,True
Lexar,"Lexar NS100 128 GB 2.5"" SATA Solid State Drive",SSD,128,"2.5""",SATA 6.0 Gb/s,False
Lexar,"Lexar NS100 128 GB 2.5"" SATA III Solid State Drive",SSD,128,"2.5""",SATA 6.0 Gb/s,False
Lexar,"Lexar NS100 128 GB 2.5"" SATA SSD",SSD,128,"2.5""",SATA 6.0 Gb/s,False
Lexar,"Lexar NS100 512 GB 2.5"" SATA III Solid State Drive",SSD,512,"2.5""",SATA 6.0 Gb/s,False
Lexar,Lexar SL200 512 GB External SSD,SSD,512,"2.5""",USB 3.1 Type-C,False
Netac,Netac N930E PRO 256 GB M.2-2280 PCIe NVME Solid State Drive,SSD,256,M.2-2280,PCIe 3.0 x4,True
Patriot,"Patriot P210 256 GB 2.5"" SATA Solid State Drive",SSD,256,"2.5""",SATA 6.0 Gb/s,False
Samsung,Samsung 990 EVO Plus 4 TB M.2-2280 PCIe 4.0 X4 NVME Solid State Drive,SSD,4000,M.2-2280,PCIe 4.0 x4,True
Samsung,Samsung 990 Pro 1 TB M.2-2280 PCIe 4.0 X4 NVME Solid State Drive,SSD,1000,M.2-2280,PCIe 4.0 x4,True
Samsung,Samsung T5 EVO 2 TB External SSD,SSD,2000,"2.5""",USB 3.2 Gen 1,False
Samsung,Samsung T7 Shield 1 TB External SSD,SSD,1000,External,USB 3.2 Gen 2,False
Samsung,Samsung T7 Shield Portable 2 TB USB 3.2 Gen 2 External Solid State Drive,SSD,2000,,USB 3.2 Gen 2,False
Samsung,Samsung T7 Shield 2 TB External SSD,SSD,2000,,USB 3.2 Gen 2,False
Samsung,Samsung T7 Shield 4 TB External SSD,SSD,4000,"2.5""",USB 3.2 Gen 2,False
Samsung,"Samsung 870 EVO 1 TB 2.5"" SATA III Solid State Drive",SSD,1000,"2.5""",SATA 6.0 Gb/s,False
Samsung,Samsung 990 EVO 1 TB M.2-2280 PCIe 5.0 X2 NVME Solid State Drive,SSD,1000,M.2-2280,PCIe 5.0 x2,True
Samsung,"Samsung 870 EVO 2 TB 2.5"" SATA Solid State Drive",SSD,2000,"2.5""",SATA 6.0 Gb/s,False
Samsung,Samsung 990 Pro 2 TB M.2-2280 PCIe 4.0 X4 NVME Solid State Drive,SSD,2000,M.2-2280,PCIe 4.0 x4,True
Samsung,Samsung 980 Pro 2 TB M.2-2280 PCIe 4.0 X4 NVME Solid State Drive,SSD,2000,M.2-2280,PCIe 4.0 x4,True
Samsung,Samsung 990 EVO Plus 2 TB M.2-2280 PCIe 5.0 x2 NVME Solid State Drive,SSD,2000,M.2-2280,PCIe 5.0 x2,True
Samsung,"Samsung 870 EVO 4 TB 2.5"" SATA 6.0 Gb/s Solid State Drive",SSD,4000,"2.5""",SATA 6.0 Gb/s,False
Samsung,Samsung 990 Pro 4 TB M.2-2280 PCIe 4.0 X4 NVME Solid State Drive,SSD,4000,M.2-2280,PCIe 4.0 x4,True
Samsung,Samsung 990 EVO Plus 4 TB M.2-2280 PCIe 5.0 x4 NVME Solid State Drive,SSD,4000,M.2-2280,PCIe 5.0 x4,True
Samsung,"Samsung 870 EVO 500 GB 2.5"" SATA Solid State Drive",SSD,500,"2.5""",SATA 6.0 Gb/s,False
Samsung,Samsung 970 Evo Plus 500 GB M.2-2280 PCIe 3.0 X4 NVME Solid State Drive,SSD,500,M.2-2280,PCIe 3.0 x4,True
Samsung,"Samsung 870 EVO 1 TB 2.5"" SATA Solid State Drive",SSD,1000,"2.5""",SATA 6.0 Gb/s,False
Samsung,"Samsung 870 QVO 8 TB 2.5"" SATA III Solid State Drive",SSD,8000,"2.5""",SATA 6.0 Gb/s,False
Samsung,Samsung T7 Portable 1 TB External SSD,SSD,1000,External,USB 3.2,False
Samsung,Samsung T7 2 TB External SSD,SSD,2000,,USB 3.2,False
Samsung,Samsung T7 Portable 2 TB External SSD,SSD,2000,"2.5""",USB 3.2,False
Samsung,Samsung T7 4 TB External SSD,SSD,4000,External,USB 3.2,False
Samsung,Samsung T7 Touch 2 TB External SSD,SSD,2000,External,USB 3.2,False
Samsung,Samsung T9 1 TB USB 3.2 Gen 2x2 Portable External SSD,SSD,1000,"2.5""",USB 3.2 Gen 2x2,False
Samsung,Samsung T9 2 TB External SSD,SSD,2000,External,USB 3.2 Gen 2x2,False
Samsung,Samsung T9 4 TB External SSD,SSD,4000,External,USB 3.2 Gen 2x2,False
SanDisk,SanDisk Extreme E61 4 TB External SSD,SSD,4000,,,False
SanDisk,SanDisk Extreme Portable 2 TB External SSD,SSD,2000,External,USB 3.2 Gen 2,False
Seagate,Seagate Expansion 2 TB External Hard Drive,HDD,2000,"2.5""",USB 3.0,False
Seagate,"Seagate Barracuda Compute 2 TB 3.5"" 7200 RPM Internal Hard Drive",HDD,2000,"3.5""",SATA 6.0 Gb/s,False
Seagate,"Seagate Expansion 1 TB 2.5"" USB 3.0 External Hard Drive",HDD,1000,"2.5""",USB 3.0,False
Seagate,"Seagate IronWolf 6 TB 3.5"" 7200 RPM Internal Hard Drive",HDD,6000,"3.5""",SATA 6.0 Gb/s,False
Seagate,"Seagate IronWolf 4 TB 3.5"" 5900 RPM Internal Hard Drive",HDD,4000,"3.5""",SATA 6.0 Gb/s,False
Seagate,"Seagate IronWolf 8 TB 3.5"" 7200 RPM Internal Hard Drive",HDD,8000,"3.5""",SATA 6.0 Gb/s,False
Seagate,Seagate One Touch 1 TB External Hard Drive,HDD,1000,,,False
TeamGroup,TeamGroup T-FORCE G50 1 TB M.2-2280 PCIe 4.0 X4 NVME Solid State Drive,SSD,1000,M.2-2280,PCIe 4.0 x4,True
TeamGroup,TeamGroup T-Force Vulcan 64GB (2 x 32GB) DDR5-6000 CL38 Desktop Memory,SSD,1000,M.2-2280,PCIe 4.0 x4,True
Transcend,Transcend 110S 128 GB M.2-2280 PCIe 3.0 x4 NVME Solid State Drive,SSD,128,M.2-2280,PCIe 3.0 x4,True
Transcend,Transcend 115S 250 GB M.2-2280 PCIe 3.0 x4 NVME Solid State Drive,SSD,250,M.2-2280,PCIe 3.0 x4,True
Transcend,"Transcend 225S 250 GB 2.5"" SATA Solid State Drive",SSD,250,"2.5""",SATA 6.0 Gb/s,False
Transcend,"Transcend 225s 250 GB 2.5"" SATA III Solid State Drive",SSD,250,"2.5""",SATA 6.0 Gb/s,False
Transcend,"Transcend 225s 500 GB 2.5"" SATA 6.0 Gb/s Solid State Drive",SSD,500,"2.5""",SATA 6.0 Gb/s,False
Transcend,Transcend ESD265C 1 TB External SSD,SSD,1000,"2.5""",USB 3.2 Gen 2,False
Transcend,Transcend ESD265C 500 GB External SSD,SSD,500,"2.5""",SATA 6.0 Gb/s,False
Transcend,Transcend ESD270C 500 GB USB Type-C Portable Solid State Drive,SSD,500,Portable,USB 3.1 Gen 2,False
Transcend,Transcend ESD310C 1 TB External SSD USB 3.2 Gen 2,SSD,1000,"2.5""",USB 3.2 Gen 2,False
Transcend,Transcend ESD310C 2 TB External SSD,SSD,2000,"2.5""",USB 3.2 Gen 2,False
Transcend,Transcend ESD310C 512 GB External SSD USB 3.2 Gen 2,SSD,512,External,USB 3.2 Gen 2,False
Transcend,Transcend ESD310P 1 TB External SSD,SSD,1000,External,USB 3.2 Gen2,False
Transcend,Transcend ESD310P 2 TB External SSD,SSD,2000,"2.5""",USB 3.2 Gen2,False
Transcend,Transcend ESD310P 512 GB External SSD,SSD,512,External,USB 3.2 Gen2,False
Transcend,Transcend ESD310S 1 TB External SSD,SSD,1000,,USB 3.2 Gen2,False
Transcend,Transcend ESD310S 2 TB External SSD,SSD,2000,"2.5""",USB 3.2 Gen2,False
Transcend,Transcend ESD310S 512 GB External SSD,SSD,512,"2.5""",USB 3.2 Gen2,False
Transcend,Transcend ESD330C 2 TB External SSD,SSD,2000,"2.5""",USB 3.2 Gen2,False
Transcend,Transcend ESD360C 1 TB External SSD,SSD,1000,,USB Type-C,False
Transcend,Transcend ESD360C 2 TB External SSD,SSD,2000,"2.5""",USB Type-C,False
Transcend,Transcend ESD360C 4 TB External SSD,SSD,4000,,USB Type-C,False
Transcend,Transcend ESD380C 1 TB External SSD,SSD,1000,"2.5""",USB 3.2 Gen 2,False
Transcend,Transcend 1 TB External SSD,SSD,1000,External,USB Type-C,False
Transcend,Transcend ESD380C 2 TB External SSD,SSD,2000,"2.5""",USB 3.2 Gen 2,False
Transcend,Transcend ESD380C 4 TB External SSD,SSD,4000,"2.5""",SATA 6.0 Gb/s,False
Transcend,Transcend ESD410C 1 TB External SSD,SSD,1000,,USB 3.2 Gen 2x2,False
Transcend,Transcend ESD410C 2 TB External SSD,SSD,2000,"2.5""",USB 20Gbps,False
Transcend,Transcend ESD410C 4 TB External SSD,SSD,4000,External,USB 20Gbps,False
Transcend,Transcend MTE115S 1 TB M.2-2280 PCIe 3.0 X4 NVME Solid State Drive,SSD,1000,M.2-2280,PCIe 3.0 x4,True
Transcend,Transcend MTE115S 250 GB M.2-2280 PCIe 3.0 X4 NVME Solid State Drive,SSD,250,M.2-2280,PCIe 3.0 x4,True
Transcend,Transcend MTE115S 2 TB M.2-2280 PCIe 3.0 X4 NVME Solid State Drive,SSD,2000,M.2-2280,PCIe 3.0 x4,True
Transcend,Transcend MTE115S 500 GB M.2-2280 PCIe 3.0 X4 NVME Solid State Drive,SSD,500,M.2-2280,PCIe 3.0 x4,True
Transcend,Transcend MTE255S 1 TB M.2-2280 PCIe 4.0 X4 NVME Solid State Drive,SSD,1000,M.2-2280,PCIe 4.0 x4,True
Transcend,Transcend MTE255S 2 TB M.2-2280 PCIe 4.0 X4 NVME Solid State Drive,SSD,2000,M.2-2280,PCIe 4.0 x4,True
Transcend,Transcend MTE300S 1 TB M.2-2230 PCIe 4.0 X4 NVME Solid State Drive,SSD,1000,M.2-2230,PCIe 4.0 x4,True
Transcend,Transcend MTE310S 1 TB M.2-2230 PCIe 3.0 x4 NVME Solid State Drive,SSD,1000,M.2-2230,PCIe 3.0 x4,True
Transcend,Transcend MTE410S 1 TB M.2-2242 PCIe 3.0 x4 NVME Solid State Drive,SSD,1000,M.2-2242,PCIe 3.0 x4,True
Transcend,Transcend MTE410S 2 TB M.2-2242 PCIe 4.0 X4 NVME Solid State Drive,SSD,2000,M.2-2242,PCIe 4.0 x4,True
Transcend,Transcend StoreJet 2 TB External Hard Drive,HDD,2000,"2.5""",USB 3.0,False
Transcend,"Transcend StoreJet 25H3B 4 TB 2.5"" External Hard Drive",HDD,4000,"2.5""",USB 3.0,False
Transcend,Transcend StoreJet 25H3P 4 TB External Hard Drive,HDD,4000,"2.5""",USB 3.0,False
Transcend,Transcend StoreJet 25M3C 4 TB External Hard Drive,HDD,4000,"2.5""",USB 3.1 Gen 1,False
Transcend,Transcend StoreJet 25M3G 2 TB External Hard Drive,HDD,2000,"2.5""",USB 3.1 Gen 1,False
Transcend,Transcend StoreJet 25M3S 1 TB External Hard Drive,HDD,1000,"2.5""",USB 3.1 Gen 1,False
Transcend,Transcend StoreJet 25M3S 2 TB External Hard Drive,HDD,2000,"2.5""",USB 3.1 Gen 1,False
Transcend,Transcend StoreJet 25M3S 4 TB External Hard Drive,HDD,4000,"2.5""",USB 3.1 Gen 1,False
Transcend,"Transcend StoreJet 35T3 4 TB 3.5"" External Hard Drive",HDD,4000,"3.5""",USB 3.1 Gen 1,False
Transcend,"Transcend StoreJet 35T3 8 TB 3.5"" External Hard Drive",HDD,8000,"3.5""",USB 3.1 Gen 1,False
Transcend,"Transcend StoreJet 25M3 1 TB 2.5"" External Hard Drive",HDD,1000,"2.5""",SATA 6.0 Gb/s,False
Verbatim,"Verbatim Vi550 1 TB 2.5"" SATA III Solid State Drive",SSD,1000,"2.5""",SATA 6.0 Gb/s,False
Verbatim,"Verbatim Vi550 256 GB 2.5"" SATA III Solid State Drive",SSD,256,"2.5""",SATA 6.0 Gb/s,False
Western,Western Digital Black SN7100 1 TB M.2-2280 PCIe 4.0 X4 NVME Solid State Drive,SSD,1000,M.2-2280,PCIe 4.0 x4,True
Western,"Western Digital Blue 1 TB 3.5"" 5400 RPM Internal Hard Drive",HDD,1000,"3.5""",SATA 6.0 Gb/s,False
Western,"Western Digital WD Blue 4 TB 3.5"" 5400 RPM Internal Hard Drive",HDD,4000,"3.5""",SATA 6.0 Gb/s,False
Western,Western Digital Blue SN5000 1 TB M.2-2280 PCIe 4.0 X4 NVME Solid State Drive,SSD,1000,M.2-2280,PCIe 4.0 x4,True
Western,Western Digital WD Blue SN5000 500 GB M.2-2280 PCIe 4.0 X4 NVME Solid State Drive,SSD,500,M.2-2280,PCIe 4.0 x4,True
Western,Western Digital Blue SN5100 500 GB M.2-2280 PCIe 4.0 X4 NVME Solid State Drive,SSD,500,M.2-2280,PCIe 4.0 x4,True
Western,Western Digital Green SN3000 1 TB M.2-2280 PCIe 4.0 X4 NVME Solid State Drive,SSD,1000,M.2-2280,PCIe 4.0 x4,True
Western,Western Digital Green SN3000 500 GB M.2-2280 PCIe 4.0 X4 NVME Solid State Drive,SSD,500,M.2-2280,PCIe 4.0 x4,True
Western,"Western Digital 1 TB 2.5"" 5400 RPM External Hard Drive",HDD,1000,"2.5""",SATA 6.0 Gb/s,False
Western,Western Digital My Passport 1 TB External Hard Drive,HDD,1000,"2.5""",USB 3.0,False
WD,WD My Passport 4 TB External USB 3.0 Portable Hard Drive,HDD,4000,"2.5""",USB 3.0,False
WD,WD My Passport 5 TB External USB 3.0 Portable Hard Drive,HDD,5000,"2.5""",USB 3.0,False
Western,Western Digital WD Blue SN5000 1 TB M.2-2280 PCIe 4.0 X4 NVME Solid State Drive,SSD,1000,M.2-2280,PCIe 4.0 x4,True
Western,Western Digital WD Blue SN5000 2 TB M.2-2280 PCIe 4.0 X4 NVME Solid State Drive,SSD,2000,M.2-2280,PCIe 4.0 x4,True
Western,"Western Digital Ultrastar 18 TB 3.5"" 7200 RPM Internal Hard Drive",HDD,18000,"3.5""",SATA 6.0 Gb/s,False
XPG,XPG GAMMIX S60 1 TB M.2-2280 PCIe 4.0 X4 NVME Solid State Drive,SSD,1000,M.2-2280,PCIe 4.0 x4,True
XPG,XPG GAMMIX S60 512 GB M.2-2280 PCIe 4.0 X4 NVME Solid State Drive,SSD,512,M.2-2280,PCIe 4.0 x4,True
XPG,XPG GAMMIX S60 Blade 1 TB M.2-2280 PCIe 4.0 X4 NVME Solid State Drive,SSD,1000,M.2-2280,PCIe 4.0 x4,True
XPG,XPG GAMMIX S60 Blade 512 GB M.2-2280 PCIe 4.0 X4 NVME Solid State Drive,SSD,512,M.2-2280,PCIe 4.0 x4,True
XPG,XPG GAMMIX S70 BLADE 1 TB M.2-2280 PCIe 4.0 X4 NVME Solid State Drive,SSD,1000,M.2-2280,PCIe 4.0 x4,True
XPG,XPG GAMMIX S70 BLADE 2 TB M.2-2280 PCIe 4.0 X4 NVME Solid State Drive,SSD,2000,M.2-2280,PCIe 4.0 x4,True
XPG,XPG GAMMIX S70 BLADE 4 TB M.2-2280 PCIe 4.0 X4 NVME Solid State Drive,SSD,4000,M.2-2280,PCIe 4.0 x4,True
XPG,XPG Legend 970 Pro 1 TB M.2-2280 PCIe 5.0 X4 NVME Solid State Drive,SSD,1000,M.2-2280,PCIe 5.0 x4,True
XPG,XPG Legend 970 Pro 2 TB M.2-2280 PCIe 5.0 x4 NVME Solid State Drive,SSD,2000,M.2-2280,PCIe 5.0 x4,True
XPG,XPG Legend 970 Pro 4 TB M.2-2280 PCIe 5.0 X4 NVME Solid State Drive,SSD,4000,M.2-2280,PCIe 5.0 x4,True
